Team,Age,W,MOV,SOS,SRS,ORtg,DRtg,NRtg,Pace,FTr,3PAr,TS%,eFG%,TOV%,ORB%,FT/FGA,Opp_eFG%,Opp_TOV%,DRB%,Opp_FT/FGA
Orlando Magic*,27.9,59,7.49,-0.37,7.12,111.4,103.3,+8.1,92.0,.340,.350,.573,.536,13.6,24.6,.246,.477,12.2,77.4,.205
Cleveland Cavaliers*,28.0,61,6.52,-0.36,6.17,111.2,104.1,+7.1,91.4,.341,.248,.570,.532,13.4,25.1,.246,.482,12.3,77.2,.218
Utah Jazz*,25.6,53,5.34,-0.01,5.33,110.7,105.0,+5.7,93.8,.340,.184,.565,.524,14.2,26.8,.252,.492,14.2,75.6,.269
San Antonio Spurs*,28.7,50,5.09,-0.02,5.07,110.0,104.5,+5.5,91.7,.296,.232,.552,.515,12.9,26.8,.219,.483,12.1,76.3,.214
Atlanta Hawks*,26.5,53,4.66,-0.22,4.44,111.9,106.7,+5.2,90.1,.281,.214,.545,.506,11.4,28.2,.213,.496,13.2,72.7,.208
Phoenix Suns*,28.5,54,4.90,-0.23,4.67,115.3,110.2,+5.1,95.3,.312,.261,.585,.546,13.6,27.6,.240,.491,11.6,70.8,.224
Los Angeles Lakers*,28.4,57,4.72,0.06,4.78,108.8,103.7,+5.1,92.8,.289,.227,.538,.496,12.4,27.6,.221,.484,13.2,74.4,.195
Denver Nuggets*,27.7,53,4.09,0.06,4.15,111.8,107.5,+4.3,94.8,.376,.227,.561,.509,12.7,26.1,.290,.495,13.8,72.4,.251
Boston Celtics*,29.4,50,3.66,-0.29,3.37,107.7,103.8,+3.9,91.6,.332,.228,.564,.522,14.5,22.8,.248,.487,14.9,73.8,.251
Portland Trail Blazers*,26.6,50,3.30,-0.13,3.18,110.8,107.1,+3.7,87.7,.315,.215,.547,.499,12.1,28.2,.249,.502,13.3,74.8,.219
Oklahoma City Thunder*,23.2,50,3.49,0.06,3.55,108.3,104.6,+3.7,93.1,.333,.185,.547,.494,13.9,28.6,.268,.483,14.0,73.6,.229
Dallas Mavericks*,30.7,55,2.72,-0.06,2.66,109.2,106.3,+2.9,92.5,.277,.222,.552,.506,12.3,24.3,.226,.495,13.6,73.7,.206
Miami Heat*,27.1,47,2.28,-0.29,1.99,106.6,104.1,+2.5,89.6,.296,.219,.537,.496,12.8,26.1,.223,.480,13.9,74.9,.246
Milwaukee Bucks*,26.4,46,1.70,-0.32,1.37,104.9,103.1,+1.8,91.7,.239,.259,.518,.482,12.3,26.2,.181,.486,14.6,76.4,.266
Charlotte Bobcats*,27.4,44,1.46,-0.17,1.30,104.4,102.8,+1.6,90.4,.346,.211,.538,.490,15.1,26.5,.260,.491,14.7,74.2,.194
Chicago Bulls*,26.2,41,-1.63,0.00,-1.64,103.5,105.3,-1.8,93.1,.287,.156,.520,.477,13.3,26.6,.217,.484,12.3,74.8,.212





